{"stats":{"minecraft:custom":{"minecraft:time_since_rest":32905,"minecraft:interact_with_furnace":14,"minecraft:sprint_one_cm":57929,"minecraft:damage_taken":90,"minecraft:walk_one_cm":41587,"minecraft:mob_kills":18,"minecraft:drop":7,"minecraft:damage_dealt":2201,"minecraft:interact_with_crafting_table":8,"minecraft:fly_one_cm":40646,"minecraft:play_time":32905,"minecraft:sneak_time":59,"minecraft:jump":399,"minecraft:leave_game":4,"minecraft:time_since_death":32905,"minecraft:total_world_time":32905,"minecraft:fall_one_cm":5895},"minecraft:crafted":{"minecraft:cooked_beef":3,"minecraft:cooked_porkchop":12,"minecraft:crafting_table":1,"minecraft:stick":8,"minecraft:wooden_pickaxe":1,"minecraft:cooked_chicken":2,"minecraft:stone_pickaxe":1,"minecraft:stone_sword":1,"minecraft:furnace":1,"minecraft:birch_planks":24,"minecraft:stone_axe":1,"minecraft:air":0},"minecraft:mined":{"minecraft:birch_log":6,"minecraft:iron_ore":2,"minecraft:birch_leaves":3,"minecraft:crafting_table":1,"minecraft:granite":4,"minecraft:grass":27,"minecraft:grass_block":2,"minecraft:coal_ore":2,"minecraft:gravel":18,"minecraft:dirt":9,"minecraft:stone":52,"minecraft:diorite":4},"minecraft:killed":{"minecraft:skeleton":3,"minecraft:zombie":2,"minecraft:pig":6,"minecraft:chicken":3,"minecraft:spider":1,"minecraft:creeper":1,"minecraft:cow":2},"minecraft:used":{"minecraft:stone_sword":30,"minecraft:stone_pickaxe":69,"minecraft:wooden_pickaxe":19,"minecraft:gravel":5,"minecraft:stone_axe":8,"minecraft:crafting_table":2,"minecraft:furnace":1,"minecraft:cooked_porkchop":2,"minecraft:egg":1,"minecraft:cooked_beef":1,"minecraft:granite":4},"minecraft:dropped":{"minecraft:wheat_seeds":6,"minecraft:rotten_flesh":1},"minecraft:picked_up":{"minecraft:birch_log":6,"minecraft:crafting_table":1,"minecraft:raw_iron":2,"minecraft:feather":3,"minecraft:chicken":2,"minecraft:leather":2,"minecraft:gravel":15,"minecraft:porkchop":12,"minecraft:flint":3,"minecraft:diorite":4,"minecraft:gunpowder":1,"minecraft:dirt":11,"minecraft:string":2,"minecraft:bone":2,"minecraft:arrow":4,"minecraft:rotten_flesh":2,"minecraft:wheat_seeds":6,"minecraft:beef":3,"minecraft:granite":4,"minecraft:coal":2,"minecraft:cobblestone":51,"minecraft:egg":1}},"DataVersion":3465}