{"stats":{"minecraft:picked_up":{"minecraft:birch_log":1},"minecraft:custom":{"minecraft:jump":117,"minecraft:time_since_rest":14649,"minecraft:damage_dealt":178,"minecraft:crouch_one_cm":717,"minecraft:leave_game":1,"minecraft:sprint_one_cm":8606,"minecraft:play_time":14649,"minecraft:damage_taken":160,"minecraft:time_since_death":14649,"minecraft:walk_one_cm":6368,"minecraft:sneak_time":553,"minecraft:total_world_time":14649,"minecraft:fall_one_cm":4520,"minecraft:fly_one_cm":13356},"minecraft:mined":{"minecraft:birch_log":1,"minecraft:birch_leaves":5}},"DataVersion":3465}